{
  "best_algorithm": "pso",
  "best": {
    "channels": [
      16,
      16,
      16,
      16,
      16,
      32,
      28,
      28,
      20,
      20,
      56,
      56,
      56,
      48,
      56
    ],
    "fitness": -324.7016827843064,
    "val_acc": 28.58000007324219,
    "train_acc": 40.76000013427734,
    "val_loss": 2.4131754833221435,
    "train_loss": 2.624709083366394,
    "params": 333434,
    "flops": 55020080,
    "params_ratio": 0.7183693343157659,
    "flops_ratio": 0.7989835758723691,
    "params_compression_rate": 0.2816306656842341,
    "flops_reduction_rate": 0.20101642412763088,
    "below_baseline_short_by": 68.34000008544922,
    "penalty": 341.7000004272461,
    "eval_time_sec": 0.3377816677093506,
    "epochs": 1,
    "inherited": true
  },
  "all_best": {
    "ga": {
      "channels": [
        12,
        12,
        12,
        12,
        12,
        24,
        20,
        32,
        32,
        24,
        48,
        40,
        56,
        64,
        56
      ],
      "fitness": -397.79027681828757,
      "val_acc": 16.120000006103517,
      "train_acc": 16.210000204467775,
      "val_loss": 2.600419727706909,
      "train_loss": 4.362818486022949,
      "params": 317670,
      "flops": 44679728,
      "params_ratio": 0.6844064685427681,
      "flops_ratio": 0.6488243718737744,
      "params_compression_rate": 0.3155935314572319,
      "flops_reduction_rate": 0.3511756281262256,
      "below_baseline_short_by": 80.8000001525879,
      "penalty": 404.0000007629395,
      "eval_time_sec": 0.3766498565673828,
      "epochs": 1,
      "inherited": true
    },
    "pso": {
      "channels": [
        16,
        16,
        16,
        16,
        16,
        32,
        28,
        28,
        20,
        20,
        56,
        56,
        56,
        48,
        56
      ],
      "fitness": -324.7016827843064,
      "val_acc": 28.58000007324219,
      "train_acc": 40.76000013427734,
      "val_loss": 2.4131754833221435,
      "train_loss": 2.624709083366394,
      "params": 333434,
      "flops": 55020080,
      "params_ratio": 0.7183693343157659,
      "flops_ratio": 0.7989835758723691,
      "params_compression_rate": 0.2816306656842341,
      "flops_reduction_rate": 0.20101642412763088,
      "below_baseline_short_by": 68.34000008544922,
      "penalty": 341.7000004272461,
      "eval_time_sec": 0.3377816677093506,
      "epochs": 1,
      "inherited": true
    }
  },
  "baseline_short": {
    "channels": [
      16,
      16,
      16,
      16,
      16,
      32,
      32,
      32,
      32,
      32,
      64,
      64,
      64,
      64,
      64
    ],
    "fitness": 84.92000015869141,
    "val_acc": 99.92000015869141,
    "train_acc": 96.00999990234375,
    "val_loss": 0.004364127606153488,
    "train_loss": 0.123546260201931,
    "params": 464154,
    "flops": 68862592,
    "params_ratio": 1.0,
    "flops_ratio": 1.0,
    "params_compression_rate": 0.0,
    "flops_reduction_rate": 0.0,
    "below_baseline_short_by": 0.0,
    "penalty": 0.0,
    "eval_time_sec": 17.17174983024597,
    "epochs": 1,
    "inherited": true
  },
  "baseline": {
    "channels": [
      16,
      16,
      16,
      16,
      16,
      32,
      32,
      32,
      32,
      32,
      64,
      64,
      64,
      64,
      64
    ],
    "params": 464154,
    "flops": 68862592
  },
  "num_unique_evaluations": 62,
  "total_search_time_sec": 138.79844188690186
}