{
  "channels": [
    12,
    12,
    12,
    12,
    12,
    24,
    20,
    32,
    32,
    24,
    48,
    40,
    56,
    64,
    56
  ],
  "fitness": -397.79027681828757,
  "val_acc": 16.120000006103517,
  "train_acc": 16.210000204467775,
  "val_loss": 2.600419727706909,
  "train_loss": 4.362818486022949,
  "params": 317670,
  "flops": 44679728,
  "params_ratio": 0.6844064685427681,
  "flops_ratio": 0.6488243718737744,
  "params_compression_rate": 0.3155935314572319,
  "flops_reduction_rate": 0.3511756281262256,
  "below_baseline_short_by": 80.8000001525879,
  "penalty": 404.0000007629395,
  "eval_time_sec": 0.3766498565673828,
  "epochs": 1,
  "inherited": true
}