{
  "channels": [
    16,
    16,
    16,
    16,
    16,
    32,
    28,
    28,
    20,
    20,
    56,
    56,
    56,
    48,
    56
  ],
  "fitness": -324.7016827843064,
  "val_acc": 28.58000007324219,
  "train_acc": 40.76000013427734,
  "val_loss": 2.4131754833221435,
  "train_loss": 2.624709083366394,
  "params": 333434,
  "flops": 55020080,
  "params_ratio": 0.7183693343157659,
  "flops_ratio": 0.7989835758723691,
  "params_compression_rate": 0.2816306656842341,
  "flops_reduction_rate": 0.20101642412763088,
  "below_baseline_short_by": 68.34000008544922,
  "penalty": 341.7000004272461,
  "eval_time_sec": 0.3377816677093506,
  "epochs": 1,
  "inherited": true
}