{
  "baseline_run": "resnet32_baseline",
  "compressed_run": "final_width_8-20-32",
  "baseline_channels": [
    16,
    32,
    64
  ],
  "compressed_channels": [
    8,
    20,
    32
  ],
  "baseline_best_acc": 93.0,
  "compressed_best_acc": 89.32,
  "accuracy_drop": 3.680000000000007,
  "baseline_params": 464154,
  "compressed_params": 130066,
  "params_compression_rate": 0.7197783494271298,
  "baseline_flops": 68862592,
  "compressed_flops": 20459840,
  "flops_reduction_rate": 0.7028889066505077,
  "baseline_train_time_sec": 1218.934302330017,
  "compressed_train_time_sec": 493.74221301078796
}