{
  "baseline_run": "resnet32_bs128",
  "compressed_run": "final_width_12-24-32",
  "baseline_channels": [
    16,
    32,
    64
  ],
  "compressed_channels": [
    12,
    24,
    32
  ],
  "baseline_best_acc": 93.21,
  "compressed_best_acc": 90.0,
  "accuracy_drop": 3.2099999999999937,
  "baseline_params": 464154,
  "compressed_params": 154102,
  "params_compression_rate": 0.6679938123984712,
  "baseline_flops": 68862592,
  "compressed_flops": 31961408,
  "flops_reduction_rate": 0.5358669043419103,
  "baseline_train_time_sec": 2760.8480892181396,
  "compressed_train_time_sec": 863.4292924404144
}