{
  "baseline_run": "resnet32_bs128",
  "compressed_run": "final_width_8-16-32",
  "baseline_channels": [
    16,
    32,
    64
  ],
  "compressed_channels": [
    8,
    16,
    32
  ],
  "baseline_best_acc": 93.21,
  "compressed_best_acc": 88.78,
  "accuracy_drop": 4.429999999999993,
  "baseline_params": 464154,
  "compressed_params": 116882,
  "params_compression_rate": 0.7481827152195177,
  "baseline_flops": 68862592,
  "compressed_flops": 17326400,
  "flops_reduction_rate": 0.7483916957409911,
  "baseline_train_time_sec": 2760.8480892181396,
  "compressed_train_time_sec": 861.5689704418182
}