{
  "baseline_run": "resnet32_baseline",
  "compressed_run": "final_width_16-24-48",
  "baseline_channels": [
    16,
    32,
    64
  ],
  "compressed_channels": [
    16,
    24,
    48
  ],
  "baseline_best_acc": 93.0,
  "compressed_best_acc": 90.96,
  "accuracy_drop": 2.0400000000000063,
  "baseline_params": 464154,
  "compressed_params": 272858,
  "params_compression_rate": 0.41213907453129783,
  "baseline_flops": 68862592,
  "compressed_flops": 49471968,
  "flops_reduction_rate": 0.28158428889810017,
  "baseline_train_time_sec": 1218.934302330017,
  "compressed_train_time_sec": 501.70339035987854
}