{
  "best_algorithm": "pso",
  "best": {
    "channels": [
      12,
      8,
      8,
      8,
      8,
      20,
      20,
      16,
      16,
      16,
      48,
      40,
      32,
      40,
      64
    ],
    "fitness": 14.86818404785076,
    "test_acc": 25.3,
    "train_acc": 22.3,
    "test_loss": 1.9572720470428466,
    "train_loss": 2.0058727294921876,
    "params": 212122,
    "flops": 26907264,
    "params_ratio": 0.45700780344454645,
    "flops_ratio": 0.3907384723479476,
    "params_compression_rate": 0.5429921965554536,
    "flops_reduction_rate": 0.6092615276520523,
    "eval_time_sec": 1.9824974536895752,
    "epochs": 2
  },
  "baseline": {
    "block_channels": [
      16,
      16,
      16,
      16,
      16,
      32,
      32,
      32,
      32,
      32,
      64,
      64,
      64,
      64,
      64
    ],
    "params": 464154,
    "flops": 68862592
  },
  "num_unique_evaluations": 47,
  "total_search_time_sec": 386.83421993255615
}