{
  "channels": [
    16,
    16,
    12,
    12,
    8,
    20,
    20,
    20,
    20,
    16,
    40,
    40,
    32,
    32,
    32
  ],
  "fitness": 13.204010487523519,
  "test_acc": 23.75,
  "train_acc": 23.64,
  "test_loss": 1.9463983688354491,
  "train_loss": 1.972582373046875,
  "params": 159738,
  "flops": 32612672,
  "params_ratio": 0.3441487092645975,
  "flops_ratio": 0.4735905380965038,
  "params_compression_rate": 0.6558512907354025,
  "flops_reduction_rate": 0.5264094619034962,
  "eval_time_sec": 1.9330451488494873,
  "epochs": 2
}