{
  "channels": [
    16,
    16,
    12,
    12,
    8,
    16,
    20,
    20,
    20,
    20,
    40,
    40,
    32,
    32,
    32
  ],
  "fitness": 13.621032158901945,
  "test_acc": 24.2,
  "train_acc": 22.74,
  "test_loss": 2.006296364784241,
  "train_loss": 1.985591748046875,
  "params": 161018,
  "flops": 32633152,
  "params_ratio": 0.3469064146813342,
  "flops_ratio": 0.4738879419467684,
  "params_compression_rate": 0.6530935853186658,
  "flops_reduction_rate": 0.5261120580532316,
  "eval_time_sec": 4.753695249557495,
  "epochs": 2
}