{
  "channels": [
    8,
    8,
    12,
    8,
    8,
    20,
    20,
    16,
    16,
    16,
    48,
    32,
    40,
    40,
    64
  ],
  "fitness": 16.461554204702175,
  "test_acc": 26.75,
  "train_acc": 24.58,
  "test_loss": 1.8700289363861085,
  "train_loss": 1.94472880859375,
  "params": 209562,
  "flops": 26501760,
  "params_ratio": 0.45149239261107305,
  "flops_ratio": 0.3848498761127086,
  "params_compression_rate": 0.548507607388927,
  "flops_reduction_rate": 0.6151501238872914,
  "eval_time_sec": 2.3211824893951416,
  "epochs": 2
}