{
  "algorithm": "both",
  "baseline_checkpoint": "runs/resnet32_baseline/best.pt",
  "data_dir": "data",
  "save_dir": "runs",
  "run_name": "block_channel_search_ga_pso",
  "space": null,
  "search_epochs": 2,
  "batch_size": 128,
  "lr": 0.05,
  "momentum": 0.9,
  "weight_decay": 0.0001,
  "num_workers": 2,
  "max_train_samples": 5000,
  "max_test_samples": 2000,
  "lambda_params": 0.1,
  "lambda_flops": 0.15,
  "lambda_time": 0.02,
  "time_ref": 60.0,
  "seed": 42,
  "device": "cuda",
  "amp": true,
  "ga_population": 8,
  "ga_generations": 5,
  "ga_elites": 2,
  "ga_crossover_rate": 0.8,
  "ga_mutation_rate": 0.15,
  "pso_particles": 8,
  "pso_iterations": 5,
  "pso_w": 0.6,
  "pso_c1": 1.4,
  "pso_c2": 1.4,
  "search_space": [
    [
      8,
      12,
      16
    ],
    [
      8,
      12,
      16
    ],
    [
      8,
      12,
      16
    ],
    [
      8,
      12,
      16
    ],
    [
      8,
      12,
      16
    ],
    [
      16,
      20,
      24,
      28,
      32
    ],
    [
      16,
      20,
      24,
      28,
      32
    ],
    [
      16,
      20,
      24,
      28,
      32
    ],
    [
      16,
      20,
      24,
      28,
      32
    ],
    [
      16,
      20,
      24,
      28,
      32
    ],
    [
      32,
      40,
      48,
      56,
      64
    ],
    [
      32,
      40,
      48,
      56,
      64
    ],
    [
      32,
      40,
      48,
      56,
      64
    ],
    [
      32,
      40,
      48,
      56,
      64
    ],
    [
      32,
      40,
      48,
      56,
      64
    ]
  ],
  "importance": [
    0.37727747100717,
    0.09240330460115811,
    0.0,
    0.12982596657804404,
    0.154035405689091,
    0.30394338077250055,
    0.0918965629160451,
    0.06264536515727508,
    0.019193369995428516,
    0.035023291007009606,
    0.5044867707681696,
    0.29641559597709444,
    0.26628534628988015,
    0.26361369760839226,
    1.0
  ]
}