{
  "algorithm": "both",
  "best_algorithm": "pso",
  "best": {
    "channels": [
      8,
      20,
      32
    ],
    "fitness": 25.99000884116456,
    "test_acc": 34.65,
    "train_acc": 32.4,
    "test_loss": 1.727316171646118,
    "train_loss": 1.7804605712890624,
    "params": 130066,
    "flops": 20459840,
    "params_ratio": 0.2802216505728702,
    "flops_ratio": 0.29711109334949226,
    "params_compression_rate": 0.7197783494271298,
    "flops_reduction_rate": 0.7028889066505077,
    "eval_time_sec": 4.279904365539551,
    "epochs": 3
  },
  "baseline": {
    "channels": [
      16,
      32,
      64
    ],
    "params": 464154,
    "flops": 68862592
  },
  "num_unique_evaluations": 26,
  "total_search_time_sec": 167.7908103466034
}