{
  "best_algorithm": "pso",
  "best": {
    "channels": [
      16,
      16,
      12,
      12,
      12,
      20,
      28,
      28,
      28,
      24,
      56,
      48,
      40,
      48,
      48
    ],
    "fitness": -334.501349666985,
    "val_acc": 26.65999842529297,
    "train_acc": 24.90999876098633,
    "val_loss": 2.700588638305664,
    "train_loss": 3.2987004669189455,
    "params": 273850,
    "flops": 45527520,
    "params_ratio": 0.5899981471666731,
    "flops_ratio": 0.6611357295409386,
    "params_compression_rate": 0.4100018528333269,
    "flops_reduction_rate": 0.3388642704590614,
    "below_baseline_short_by": 70.32000001220703,
    "penalty": 351.6000000610352,
    "eval_time_sec": 0.5343301296234131,
    "epochs": 1,
    "inherited": true
  },
  "all_best": {
    "ga": {
      "channels": [
        16,
        12,
        12,
        12,
        16,
        32,
        28,
        24,
        20,
        20,
        64,
        64,
        64,
        48,
        32
      ],
      "fitness": -389.6139284114988,
      "val_acc": 17.67999979248047,
      "train_acc": 26.51999923095703,
      "val_loss": 2.6061572101593016,
      "train_loss": 2.8223597776412963,
      "params": 342058,
      "flops": 48955712,
      "params_ratio": 0.7369493745610293,
      "flops_ratio": 0.7109188106076518,
      "params_compression_rate": 0.26305062543897073,
      "flops_reduction_rate": 0.28908118939234817,
      "below_baseline_short_by": 79.29999864501953,
      "penalty": 396.4999932250976,
      "eval_time_sec": 0.40572404861450195,
      "epochs": 1,
      "inherited": true
    },
    "pso": {
      "channels": [
        16,
        16,
        12,
        12,
        12,
        20,
        28,
        28,
        28,
        24,
        56,
        48,
        40,
        48,
        48
      ],
      "fitness": -334.501349666985,
      "val_acc": 26.65999842529297,
      "train_acc": 24.90999876098633,
      "val_loss": 2.700588638305664,
      "train_loss": 3.2987004669189455,
      "params": 273850,
      "flops": 45527520,
      "params_ratio": 0.5899981471666731,
      "flops_ratio": 0.6611357295409386,
      "params_compression_rate": 0.4100018528333269,
      "flops_reduction_rate": 0.3388642704590614,
      "below_baseline_short_by": 70.32000001220703,
      "penalty": 351.6000000610352,
      "eval_time_sec": 0.5343301296234131,
      "epochs": 1,
      "inherited": true
    }
  },
  "baseline_short": {
    "channels": [
      16,
      16,
      16,
      16,
      16,
      32,
      32,
      32,
      32,
      32,
      64,
      64,
      64,
      64,
      64
    ],
    "fitness": 84.9799984375,
    "val_acc": 99.9799984375,
    "train_acc": 99.899996875,
    "val_loss": 0.001566881642304361,
    "train_loss": 0.005133380322903395,
    "params": 464154,
    "flops": 68862592,
    "params_ratio": 1.0,
    "flops_ratio": 1.0,
    "params_compression_rate": 0.0,
    "flops_reduction_rate": 0.0,
    "below_baseline_short_by": 0.0,
    "penalty": 0.0,
    "eval_time_sec": 18.984476804733276,
    "epochs": 1,
    "inherited": true
  },
  "baseline": {
    "channels": [
      16,
      16,
      16,
      16,
      16,
      32,
      32,
      32,
      32,
      32,
      64,
      64,
      64,
      64,
      64
    ],
    "params": 464154,
    "flops": 68862592
  },
  "num_unique_evaluations": 68,
  "total_search_time_sec": 259.5419273376465
}