{
  "channels": [
    16,
    12,
    12,
    12,
    16,
    32,
    28,
    24,
    20,
    20,
    64,
    64,
    64,
    48,
    32
  ],
  "fitness": -389.6139284114988,
  "val_acc": 17.67999979248047,
  "train_acc": 26.51999923095703,
  "val_loss": 2.6061572101593016,
  "train_loss": 2.8223597776412963,
  "params": 342058,
  "flops": 48955712,
  "params_ratio": 0.7369493745610293,
  "flops_ratio": 0.7109188106076518,
  "params_compression_rate": 0.26305062543897073,
  "flops_reduction_rate": 0.28908118939234817,
  "below_baseline_short_by": 79.29999864501953,
  "penalty": 396.4999932250976,
  "eval_time_sec": 0.40572404861450195,
  "epochs": 1,
  "inherited": true
}