{
  "channels": [
    16,
    16,
    12,
    12,
    12,
    20,
    28,
    28,
    28,
    24,
    56,
    48,
    40,
    48,
    48
  ],
  "fitness": -334.501349666985,
  "val_acc": 26.65999842529297,
  "train_acc": 24.90999876098633,
  "val_loss": 2.700588638305664,
  "train_loss": 3.2987004669189455,
  "params": 273850,
  "flops": 45527520,
  "params_ratio": 0.5899981471666731,
  "flops_ratio": 0.6611357295409386,
  "params_compression_rate": 0.4100018528333269,
  "flops_reduction_rate": 0.3388642704590614,
  "below_baseline_short_by": 70.32000001220703,
  "penalty": 351.6000000610352,
  "eval_time_sec": 0.5343301296234131,
  "epochs": 1,
  "inherited": true
}