{
  "baseline_run": "resnet32_baseline",
  "compressed_run": "final_block_kd",
  "baseline_channels": [
    16,
    32,
    64
  ],
  "compressed_block_channels": [
    16,
    16,
    12,
    12,
    16,
    32,
    28,
    24,
    24,
    28,
    64,
    56,
    48,
    48,
    56
  ],
  "baseline_best_acc": 93.11,
  "compressed_best_acc": 91.53,
  "accuracy_drop": 1.5799999999999983,
  "baseline_params": 464154,
  "compressed_params": 352370,
  "params_compression_rate": 0.24083386117538574,
  "baseline_flops": 68862592,
  "compressed_flops": 53985840,
  "flops_reduction_rate": 0.216035318565993,
  "baseline_train_time_sec": 1289.5462594032288,
  "compressed_train_time_sec": 635.7995784282684,
  "kd_enabled": true,
  "search_best_algorithm": "pso",
  "search_time_sec": 172.62913751602173,
  "search_num_unique_evaluations": 56
}