{
  "best_algorithm": "pso",
  "best": {
    "channels": [
      12,
      16,
      16,
      8,
      12,
      28,
      32,
      28,
      16,
      20,
      40,
      56,
      48,
      56,
      40
    ],
    "fitness": -378.5285285477454,
    "val_acc": 19.25999914855957,
    "train_acc": 13.529999418640136,
    "val_loss": 2.3861107662200927,
    "train_loss": 3.035900491333008,
    "params": 274774,
    "flops": 42891664,
    "params_ratio": 0.5919888657643799,
    "flops_ratio": 0.6228586922780949,
    "params_compression_rate": 0.4080111342356201,
    "flops_reduction_rate": 0.37714130772190513,
    "below_baseline_short_by": 77.71999928894043,
    "penalty": 388.59999644470213,
    "eval_time_sec": 1.037609577178955,
    "epochs": 1,
    "inherited": true
  },
  "all_best": {
    "ga": {
      "channels": [
        16,
        12,
        12,
        12,
        16,
        32,
        28,
        24,
        20,
        20,
        64,
        64,
        64,
        48,
        32
      ],
      "fitness": -390.81393198205546,
      "val_acc": 17.479999197387695,
      "train_acc": 26.449998858642576,
      "val_loss": 2.604682740783691,
      "train_loss": 2.8255433588027956,
      "params": 342058,
      "flops": 48955712,
      "params_ratio": 0.7369493745610293,
      "flops_ratio": 0.7109188106076518,
      "params_compression_rate": 0.26305062543897073,
      "flops_reduction_rate": 0.28908118939234817,
      "below_baseline_short_by": 79.4999992401123,
      "penalty": 397.4999962005615,
      "eval_time_sec": 0.5236566066741943,
      "epochs": 1,
      "inherited": true
    },
    "pso": {
      "channels": [
        12,
        16,
        16,
        8,
        12,
        28,
        32,
        28,
        16,
        20,
        40,
        56,
        48,
        56,
        40
      ],
      "fitness": -378.5285285477454,
      "val_acc": 19.25999914855957,
      "train_acc": 13.529999418640136,
      "val_loss": 2.3861107662200927,
      "train_loss": 3.035900491333008,
      "params": 274774,
      "flops": 42891664,
      "params_ratio": 0.5919888657643799,
      "flops_ratio": 0.6228586922780949,
      "params_compression_rate": 0.4080111342356201,
      "flops_reduction_rate": 0.37714130772190513,
      "below_baseline_short_by": 77.71999928894043,
      "penalty": 388.59999644470213,
      "eval_time_sec": 1.037609577178955,
      "epochs": 1,
      "inherited": true
    }
  },
  "baseline_short": {
    "channels": [
      16,
      16,
      16,
      16,
      16,
      32,
      32,
      32,
      32,
      32,
      64,
      64,
      64,
      64,
      64
    ],
    "fitness": 84.9799984375,
    "val_acc": 99.9799984375,
    "train_acc": 99.899996875,
    "val_loss": 0.0015879391949623824,
    "train_loss": 0.005109367086365819,
    "params": 464154,
    "flops": 68862592,
    "params_ratio": 1.0,
    "flops_ratio": 1.0,
    "params_compression_rate": 0.0,
    "flops_reduction_rate": 0.0,
    "below_baseline_short_by": 0.0,
    "penalty": 0.0,
    "eval_time_sec": 18.71829628944397,
    "epochs": 1,
    "inherited": true
  },
  "baseline": {
    "channels": [
      16,
      16,
      16,
      16,
      16,
      32,
      32,
      32,
      32,
      32,
      64,
      64,
      64,
      64,
      64
    ],
    "params": 464154,
    "flops": 68862592
  },
  "num_unique_evaluations": 65,
  "total_search_time_sec": 260.5508756637573
}