{
  "channels": [
    16,
    12,
    12,
    12,
    16,
    32,
    28,
    24,
    20,
    20,
    64,
    64,
    64,
    48,
    32
  ],
  "fitness": -390.81393198205546,
  "val_acc": 17.479999197387695,
  "train_acc": 26.449998858642576,
  "val_loss": 2.604682740783691,
  "train_loss": 2.8255433588027956,
  "params": 342058,
  "flops": 48955712,
  "params_ratio": 0.7369493745610293,
  "flops_ratio": 0.7109188106076518,
  "params_compression_rate": 0.26305062543897073,
  "flops_reduction_rate": 0.28908118939234817,
  "below_baseline_short_by": 79.4999992401123,
  "penalty": 397.4999962005615,
  "eval_time_sec": 0.5236566066741943,
  "epochs": 1,
  "inherited": true
}