{
  "channels": [
    12,
    16,
    16,
    8,
    12,
    28,
    32,
    28,
    16,
    20,
    40,
    56,
    48,
    56,
    40
  ],
  "fitness": -378.5285285477454,
  "val_acc": 19.25999914855957,
  "train_acc": 13.529999418640136,
  "val_loss": 2.3861107662200927,
  "train_loss": 3.035900491333008,
  "params": 274774,
  "flops": 42891664,
  "params_ratio": 0.5919888657643799,
  "flops_ratio": 0.6228586922780949,
  "params_compression_rate": 0.4080111342356201,
  "flops_reduction_rate": 0.37714130772190513,
  "below_baseline_short_by": 77.71999928894043,
  "penalty": 388.59999644470213,
  "eval_time_sec": 1.037609577178955,
  "epochs": 1,
  "inherited": true
}