{
  "best_algorithm": "pso",
  "best": {
    "channels": [
      16,
      16,
      12,
      12,
      12,
      20,
      28,
      28,
      28,
      24,
      56,
      48,
      40,
      48,
      48
    ],
    "fitness": -311.70134503441653,
    "val_acc": 30.459999197387695,
    "train_acc": 23.8799987121582,
    "val_loss": 2.3577099784851074,
    "train_loss": 3.3470838802337646,
    "params": 273850,
    "flops": 45527520,
    "params_ratio": 0.5899981471666731,
    "flops_ratio": 0.6611357295409386,
    "params_compression_rate": 0.4100018528333269,
    "flops_reduction_rate": 0.3388642704590614,
    "below_baseline_short_by": 66.5199992401123,
    "penalty": 332.59999620056146,
    "eval_time_sec": 0.4096672534942627,
    "epochs": 1,
    "inherited": true
  },
  "all_best": {
    "ga": {
      "channels": [
        16,
        12,
        12,
        12,
        16,
        32,
        28,
        24,
        20,
        20,
        64,
        64,
        64,
        48,
        32
      ],
      "fitness": -390.5739306453856,
      "val_acc": 17.519999420166016,
      "train_acc": 26.23999885864258,
      "val_loss": 2.617201900100708,
      "train_loss": 2.825196089553833,
      "params": 342058,
      "flops": 48955712,
      "params_ratio": 0.7369493745610293,
      "flops_ratio": 0.7109188106076518,
      "params_compression_rate": 0.26305062543897073,
      "flops_reduction_rate": 0.28908118939234817,
      "below_baseline_short_by": 79.45999901733398,
      "penalty": 397.2999950866699,
      "eval_time_sec": 0.42717647552490234,
      "epochs": 1,
      "inherited": true
    },
    "pso": {
      "channels": [
        16,
        16,
        12,
        12,
        12,
        20,
        28,
        28,
        28,
        24,
        56,
        48,
        40,
        48,
        48
      ],
      "fitness": -311.70134503441653,
      "val_acc": 30.459999197387695,
      "train_acc": 23.8799987121582,
      "val_loss": 2.3577099784851074,
      "train_loss": 3.3470838802337646,
      "params": 273850,
      "flops": 45527520,
      "params_ratio": 0.5899981471666731,
      "flops_ratio": 0.6611357295409386,
      "params_compression_rate": 0.4100018528333269,
      "flops_reduction_rate": 0.3388642704590614,
      "below_baseline_short_by": 66.5199992401123,
      "penalty": 332.59999620056146,
      "eval_time_sec": 0.4096672534942627,
      "epochs": 1,
      "inherited": true
    }
  },
  "baseline_short": {
    "channels": [
      16,
      16,
      16,
      16,
      16,
      32,
      32,
      32,
      32,
      32,
      64,
      64,
      64,
      64,
      64
    ],
    "fitness": 84.9799984375,
    "val_acc": 99.9799984375,
    "train_acc": 99.899996875,
    "val_loss": 0.0015905484680086375,
    "train_loss": 0.005109367086365819,
    "params": 464154,
    "flops": 68862592,
    "params_ratio": 1.0,
    "flops_ratio": 1.0,
    "params_compression_rate": 0.0,
    "flops_reduction_rate": 0.0,
    "below_baseline_short_by": 0.0,
    "penalty": 0.0,
    "eval_time_sec": 17.031351566314697,
    "epochs": 1,
    "inherited": true
  },
  "baseline": {
    "channels": [
      16,
      16,
      16,
      16,
      16,
      32,
      32,
      32,
      32,
      32,
      64,
      64,
      64,
      64,
      64
    ],
    "params": 464154,
    "flops": 68862592
  },
  "num_unique_evaluations": 67,
  "total_search_time_sec": 242.36661958694458
}