{
  "channels": [
    16,
    12,
    12,
    12,
    16,
    32,
    28,
    24,
    20,
    20,
    64,
    64,
    64,
    48,
    32
  ],
  "fitness": -390.5739306453856,
  "val_acc": 17.519999420166016,
  "train_acc": 26.23999885864258,
  "val_loss": 2.617201900100708,
  "train_loss": 2.825196089553833,
  "params": 342058,
  "flops": 48955712,
  "params_ratio": 0.7369493745610293,
  "flops_ratio": 0.7109188106076518,
  "params_compression_rate": 0.26305062543897073,
  "flops_reduction_rate": 0.28908118939234817,
  "below_baseline_short_by": 79.45999901733398,
  "penalty": 397.2999950866699,
  "eval_time_sec": 0.42717647552490234,
  "epochs": 1,
  "inherited": true
}