battery_id,cycle_index,global_cycle_index,capacity_ah,soh_percent,local_median_capacity_ah,delta_from_local_median_ah,threshold_ah,window_radius
B0005,30,85,1.8518025516704486,92.59012758352243,1.811638676206602,0.0401638754638467,0.04,4
B0005,89,312,1.605818899130659,80.29094495653295,1.5282197606133363,0.0775991385173227,0.04,4
B0006,30,85,1.9247760889090635,96.23880444545317,1.8556505474469436,0.06912554146211991,0.051386182055573326,4
B0006,89,312,1.5935866593100128,79.67933296550063,1.4675174233188835,0.1260692359911293,0.10342656824401855,4
B0006,120,432,1.4051467790651473,70.25733895325736,1.3606995088745053,0.044447270190641985,0.04,4
B0007,89,312,1.6888211161855506,84.44105580927753,1.5960677003233954,0.09275341586215524,0.04,4
B0018,39,101,1.6760516154424623,83.80258077212311,1.6249011964993632,0.05115041894309913,0.04309867061283856,4
