case,MAE_mean,RMSE_mean,R2_mean,MAE_std,RMSE_std,R2_std
A,0.1831668668491278,0.24165146641904292,0.9990771315033702,0.02352821929653011,0.05014964506232355,0.0006396910683254688
B,0.9922033079485912,1.1776013199969246,0.8076348599784526,1.0519704574852196,1.2402000540885825,0.2528952868845855
C,2.156743021664591,2.5553722177732348,0.9025110711084058,1.3843489473019102,1.5622930037269815,0.07661382680841773
