{
  "run_name": "final_block_nokd_b512_12-8-8-8-8-16-16-16-20-16-48-40-32-32-64",
  "model": "BlockWidthResNet32",
  "dataset": "CIFAR-10",
  "block_channels": [
    12,
    8,
    8,
    8,
    8,
    16,
    16,
    16,
    20,
    16,
    48,
    40,
    32,
    32,
    64
  ],
  "stage_channels": [
    12,
    16,
    48
  ],
  "blocks_per_stage": 5,
  "epochs": 80,
  "best_acc": 88.33000004882813,
  "best_epoch": 69,
  "params": 187990,
  "flops": 24072832,
  "kd_mode": "none",
  "teacher_ckpt": null,
  "kd_alpha": 0.7,
  "kd_temperature": 4.0,
  "at_weight": 0.0,
  "total_train_time_sec": 1549.5054774284363,
  "checkpoint_best": "runs/final_block_nokd_b512_12-8-8-8-8-16-16-16-20-16-48-40-32-32-64/best.pt",
  "checkpoint_last": "runs/final_block_nokd_b512_12-8-8-8-8-16-16-16-20-16-48-40-32-32-64/last.pt"
}