{
  "best_algorithm": "pso",
  "best": {
    "channels": [
      16,
      16,
      12,
      12,
      12,
      24,
      24,
      28,
      28,
      20,
      48,
      40,
      40,
      32,
      48
    ],
    "fitness": -373.27231924790294,
    "val_acc": 19.999999212646486,
    "train_acc": 26.949999145507814,
    "val_loss": 3.2045865489959717,
    "train_loss": 2.9891905712127684,
    "params": 219130,
    "flops": 41398752,
    "params_ratio": 0.4721062406011798,
    "flops_ratio": 0.6011791133275959,
    "params_compression_rate": 0.5278937593988202,
    "flops_reduction_rate": 0.3988208866724041,
    "below_baseline_short_by": 76.97999922485351,
    "penalty": 384.89999612426755,
    "eval_time_sec": 0.7534186840057373,
    "epochs": 1,
    "inherited": true
  },
  "all_best": {
    "ga": {
      "channels": [
        16,
        12,
        12,
        12,
        16,
        32,
        28,
        24,
        20,
        20,
        64,
        64,
        64,
        48,
        32
      ],
      "fitness": -386.493930425659,
      "val_acc": 18.199999456787108,
      "train_acc": 26.789998944091796,
      "val_loss": 2.638553589630127,
      "train_loss": 2.8412112432479857,
      "params": 342058,
      "flops": 48955712,
      "params_ratio": 0.7369493745610293,
      "flops_ratio": 0.7109188106076518,
      "params_compression_rate": 0.26305062543897073,
      "flops_reduction_rate": 0.28908118939234817,
      "below_baseline_short_by": 78.77999898071289,
      "penalty": 393.89999490356445,
      "eval_time_sec": 0.41926074028015137,
      "epochs": 1,
      "inherited": true
    },
    "pso": {
      "channels": [
        16,
        16,
        12,
        12,
        12,
        24,
        24,
        28,
        28,
        20,
        48,
        40,
        40,
        32,
        48
      ],
      "fitness": -373.27231924790294,
      "val_acc": 19.999999212646486,
      "train_acc": 26.949999145507814,
      "val_loss": 3.2045865489959717,
      "train_loss": 2.9891905712127684,
      "params": 219130,
      "flops": 41398752,
      "params_ratio": 0.4721062406011798,
      "flops_ratio": 0.6011791133275959,
      "params_compression_rate": 0.5278937593988202,
      "flops_reduction_rate": 0.3988208866724041,
      "below_baseline_short_by": 76.97999922485351,
      "penalty": 384.89999612426755,
      "eval_time_sec": 0.7534186840057373,
      "epochs": 1,
      "inherited": true
    }
  },
  "baseline_short": {
    "channels": [
      16,
      16,
      16,
      16,
      16,
      32,
      32,
      32,
      32,
      32,
      64,
      64,
      64,
      64,
      64
    ],
    "fitness": 84.9799984375,
    "val_acc": 99.9799984375,
    "train_acc": 99.899996875,
    "val_loss": 0.0015982569321990013,
    "train_loss": 0.005125328194350004,
    "params": 464154,
    "flops": 68862592,
    "params_ratio": 1.0,
    "flops_ratio": 1.0,
    "params_compression_rate": 0.0,
    "flops_reduction_rate": 0.0,
    "below_baseline_short_by": 0.0,
    "penalty": 0.0,
    "eval_time_sec": 17.473876476287842,
    "epochs": 1,
    "inherited": true
  },
  "baseline": {
    "channels": [
      16,
      16,
      16,
      16,
      16,
      32,
      32,
      32,
      32,
      32,
      64,
      64,
      64,
      64,
      64
    ],
    "params": 464154,
    "flops": 68862592
  },
  "num_unique_evaluations": 64,
  "total_search_time_sec": 242.49964833259583
}