{
  "channels": [
    16,
    12,
    12,
    12,
    16,
    32,
    28,
    24,
    20,
    20,
    64,
    64,
    64,
    48,
    32
  ],
  "fitness": -386.493930425659,
  "val_acc": 18.199999456787108,
  "train_acc": 26.789998944091796,
  "val_loss": 2.638553589630127,
  "train_loss": 2.8412112432479857,
  "params": 342058,
  "flops": 48955712,
  "params_ratio": 0.7369493745610293,
  "flops_ratio": 0.7109188106076518,
  "params_compression_rate": 0.26305062543897073,
  "flops_reduction_rate": 0.28908118939234817,
  "below_baseline_short_by": 78.77999898071289,
  "penalty": 393.89999490356445,
  "eval_time_sec": 0.41926074028015137,
  "epochs": 1,
  "inherited": true
}