{
  "channels": [
    16,
    16,
    12,
    12,
    12,
    24,
    24,
    28,
    28,
    20,
    48,
    40,
    40,
    32,
    48
  ],
  "fitness": -373.27231924790294,
  "val_acc": 19.999999212646486,
  "train_acc": 26.949999145507814,
  "val_loss": 3.2045865489959717,
  "train_loss": 2.9891905712127684,
  "params": 219130,
  "flops": 41398752,
  "params_ratio": 0.4721062406011798,
  "flops_ratio": 0.6011791133275959,
  "params_compression_rate": 0.5278937593988202,
  "flops_reduction_rate": 0.3988208866724041,
  "below_baseline_short_by": 76.97999922485351,
  "penalty": 384.89999612426755,
  "eval_time_sec": 0.7534186840057373,
  "epochs": 1,
  "inherited": true
}