{
  "best_algorithm": "pso",
  "best": {
    "channels": [
      16,
      12,
      12,
      12,
      12,
      20,
      28,
      24,
      28,
      24,
      56,
      48,
      40,
      40,
      48
    ],
    "fitness": -363.1384562585182,
    "val_acc": 21.759999209594728,
    "train_acc": 20.29999913330078,
    "val_loss": 2.5679594497680664,
    "train_loss": 3.5050631122589113,
    "params": 255210,
    "flops": 41656800,
    "params_ratio": 0.5498390620354451,
    "flops_ratio": 0.6049264018409298,
    "params_compression_rate": 0.4501609379645549,
    "flops_reduction_rate": 0.39507359815907017,
    "below_baseline_short_by": 75.21999922790528,
    "penalty": 376.0999961395264,
    "eval_time_sec": 0.4942138195037842,
    "epochs": 1,
    "inherited": true
  },
  "all_best": {
    "ga": {
      "channels": [
        16,
        12,
        12,
        12,
        16,
        32,
        32,
        16,
        24,
        20,
        48,
        56,
        64,
        48,
        48
      ],
      "fitness": -391.9843716402848,
      "val_acc": 17.19999969177246,
      "train_acc": 20.579999002075194,
      "val_loss": 3.2282924785614013,
      "train_loss": 3.6490753337860107,
      "params": 316122,
      "flops": 47370720,
      "params_ratio": 0.6810713685544022,
      "flops_ratio": 0.6879020760647523,
      "params_compression_rate": 0.3189286314455978,
      "flops_reduction_rate": 0.3120979239352477,
      "below_baseline_short_by": 79.77999874572754,
      "penalty": 398.8999937286377,
      "eval_time_sec": 0.7122001647949219,
      "epochs": 1,
      "inherited": true
    },
    "pso": {
      "channels": [
        16,
        12,
        12,
        12,
        12,
        20,
        28,
        24,
        28,
        24,
        56,
        48,
        40,
        40,
        48
      ],
      "fitness": -363.1384562585182,
      "val_acc": 21.759999209594728,
      "train_acc": 20.29999913330078,
      "val_loss": 2.5679594497680664,
      "train_loss": 3.5050631122589113,
      "params": 255210,
      "flops": 41656800,
      "params_ratio": 0.5498390620354451,
      "flops_ratio": 0.6049264018409298,
      "params_compression_rate": 0.4501609379645549,
      "flops_reduction_rate": 0.39507359815907017,
      "below_baseline_short_by": 75.21999922790528,
      "penalty": 376.0999961395264,
      "eval_time_sec": 0.4942138195037842,
      "epochs": 1,
      "inherited": true
    }
  },
  "baseline_short": {
    "channels": [
      16,
      16,
      16,
      16,
      16,
      32,
      32,
      32,
      32,
      32,
      64,
      64,
      64,
      64,
      64
    ],
    "fitness": 84.9799984375,
    "val_acc": 99.9799984375,
    "train_acc": 99.90999765625,
    "val_loss": 0.0015855222837999462,
    "train_loss": 0.005100185578688979,
    "params": 464154,
    "flops": 68862592,
    "params_ratio": 1.0,
    "flops_ratio": 1.0,
    "params_compression_rate": 0.0,
    "flops_reduction_rate": 0.0,
    "below_baseline_short_by": 0.0,
    "penalty": 0.0,
    "eval_time_sec": 19.165284156799316,
    "epochs": 1,
    "inherited": true
  },
  "baseline": {
    "channels": [
      16,
      16,
      16,
      16,
      16,
      32,
      32,
      32,
      32,
      32,
      64,
      64,
      64,
      64,
      64
    ],
    "params": 464154,
    "flops": 68862592
  },
  "num_unique_evaluations": 69,
  "total_search_time_sec": 269.282128572464
}