{
  "channels": [
    16,
    12,
    12,
    12,
    16,
    32,
    32,
    16,
    24,
    20,
    48,
    56,
    64,
    48,
    48
  ],
  "fitness": -391.9843716402848,
  "val_acc": 17.19999969177246,
  "train_acc": 20.579999002075194,
  "val_loss": 3.2282924785614013,
  "train_loss": 3.6490753337860107,
  "params": 316122,
  "flops": 47370720,
  "params_ratio": 0.6810713685544022,
  "flops_ratio": 0.6879020760647523,
  "params_compression_rate": 0.3189286314455978,
  "flops_reduction_rate": 0.3120979239352477,
  "below_baseline_short_by": 79.77999874572754,
  "penalty": 398.8999937286377,
  "eval_time_sec": 0.7122001647949219,
  "epochs": 1,
  "inherited": true
}