{
  "channels": [
    16,
    12,
    12,
    12,
    12,
    20,
    28,
    24,
    28,
    24,
    56,
    48,
    40,
    40,
    48
  ],
  "fitness": -363.1384562585182,
  "val_acc": 21.759999209594728,
  "train_acc": 20.29999913330078,
  "val_loss": 2.5679594497680664,
  "train_loss": 3.5050631122589113,
  "params": 255210,
  "flops": 41656800,
  "params_ratio": 0.5498390620354451,
  "flops_ratio": 0.6049264018409298,
  "params_compression_rate": 0.4501609379645549,
  "flops_reduction_rate": 0.39507359815907017,
  "below_baseline_short_by": 75.21999922790528,
  "penalty": 376.0999961395264,
  "eval_time_sec": 0.4942138195037842,
  "epochs": 1,
  "inherited": true
}