{
  "baseline_run": "resnet32_baseline",
  "compressed_run": "final_block_12-12-8-8-8-24-20-20-16-16-48-48-32-40-64",
  "baseline_channels": [
    16,
    32,
    64
  ],
  "compressed_block_channels": [
    12,
    12,
    8,
    8,
    8,
    24,
    20,
    20,
    16,
    16,
    48,
    48,
    32,
    40,
    64
  ],
  "baseline_best_acc": 93.11,
  "compressed_best_acc": 90.7,
  "accuracy_drop": 2.4099999999999966,
  "baseline_params": 464154,
  "compressed_params": 229738,
  "params_compression_rate": 0.505039275757615,
  "baseline_flops": 68862592,
  "compressed_flops": 30507648,
  "flops_reduction_rate": 0.5569779307755363,
  "baseline_train_time_sec": 1289.5462594032288,
  "compressed_train_time_sec": 708.2514486312866,
  "kd_enabled": true,
  "search_best_algorithm": "pso",
  "search_time_sec": 131.2333538532257,
  "search_num_unique_evaluations": 50
}