{
  "best_algorithm": "pso",
  "best": {
    "channels": [
      16,
      12,
      12,
      12,
      12,
      24,
      28,
      24,
      24,
      20,
      32,
      32,
      40,
      32,
      64
    ],
    "fitness": -360.9427756269774,
    "val_acc": 21.9399994140625,
    "train_acc": 20.39999938659668,
    "val_loss": 2.416924992752075,
    "train_loss": 4.114571225738525,
    "params": 203818,
    "flops": 37786240,
    "params_ratio": 0.4391171895534672,
    "flops_ratio": 0.5487193976085013,
    "params_compression_rate": 0.5608828104465329,
    "flops_reduction_rate": 0.4512806023914987,
    "below_baseline_short_by": 75.0399990234375,
    "penalty": 375.19999511718754,
    "eval_time_sec": 0.5157754421234131,
    "epochs": 1,
    "inherited": true
  },
  "all_best": {
    "ga": {
      "channels": [
        16,
        12,
        12,
        12,
        16,
        32,
        28,
        24,
        20,
        20,
        64,
        64,
        64,
        48,
        32
      ],
      "fitness": -387.45392914392073,
      "val_acc": 18.039999670410158,
      "train_acc": 26.689998748779296,
      "val_loss": 2.641367524719238,
      "train_loss": 2.8439614635467527,
      "params": 342058,
      "flops": 48955712,
      "params_ratio": 0.7369493745610293,
      "flops_ratio": 0.7109188106076518,
      "params_compression_rate": 0.26305062543897073,
      "flops_reduction_rate": 0.28908118939234817,
      "below_baseline_short_by": 78.93999876708985,
      "penalty": 394.6999938354492,
      "eval_time_sec": 0.570631742477417,
      "epochs": 1,
      "inherited": true
    },
    "pso": {
      "channels": [
        16,
        12,
        12,
        12,
        12,
        24,
        28,
        24,
        24,
        20,
        32,
        32,
        40,
        32,
        64
      ],
      "fitness": -360.9427756269774,
      "val_acc": 21.9399994140625,
      "train_acc": 20.39999938659668,
      "val_loss": 2.416924992752075,
      "train_loss": 4.114571225738525,
      "params": 203818,
      "flops": 37786240,
      "params_ratio": 0.4391171895534672,
      "flops_ratio": 0.5487193976085013,
      "params_compression_rate": 0.5608828104465329,
      "flops_reduction_rate": 0.4512806023914987,
      "below_baseline_short_by": 75.0399990234375,
      "penalty": 375.19999511718754,
      "eval_time_sec": 0.5157754421234131,
      "epochs": 1,
      "inherited": true
    }
  },
  "baseline_short": {
    "channels": [
      16,
      16,
      16,
      16,
      16,
      32,
      32,
      32,
      32,
      32,
      64,
      64,
      64,
      64,
      64
    ],
    "fitness": 84.9799984375,
    "val_acc": 99.9799984375,
    "train_acc": 99.899996875,
    "val_loss": 0.001590031599625945,
    "train_loss": 0.005105910277366638,
    "params": 464154,
    "flops": 68862592,
    "params_ratio": 1.0,
    "flops_ratio": 1.0,
    "params_compression_rate": 0.0,
    "flops_reduction_rate": 0.0,
    "below_baseline_short_by": 0.0,
    "penalty": 0.0,
    "eval_time_sec": 18.854084730148315,
    "epochs": 1,
    "inherited": true
  },
  "baseline": {
    "channels": [
      16,
      16,
      16,
      16,
      16,
      32,
      32,
      32,
      32,
      32,
      64,
      64,
      64,
      64,
      64
    ],
    "params": 464154,
    "flops": 68862592
  },
  "num_unique_evaluations": 64,
  "total_search_time_sec": 261.7662627696991
}