{
  "channels": [
    16,
    12,
    12,
    12,
    16,
    32,
    28,
    24,
    20,
    20,
    64,
    64,
    64,
    48,
    32
  ],
  "fitness": -387.45392914392073,
  "val_acc": 18.039999670410158,
  "train_acc": 26.689998748779296,
  "val_loss": 2.641367524719238,
  "train_loss": 2.8439614635467527,
  "params": 342058,
  "flops": 48955712,
  "params_ratio": 0.7369493745610293,
  "flops_ratio": 0.7109188106076518,
  "params_compression_rate": 0.26305062543897073,
  "flops_reduction_rate": 0.28908118939234817,
  "below_baseline_short_by": 78.93999876708985,
  "penalty": 394.6999938354492,
  "eval_time_sec": 0.570631742477417,
  "epochs": 1,
  "inherited": true
}