{
  "channels": [
    16,
    12,
    12,
    12,
    12,
    24,
    28,
    24,
    24,
    20,
    32,
    32,
    40,
    32,
    64
  ],
  "fitness": -360.9427756269774,
  "val_acc": 21.9399994140625,
  "train_acc": 20.39999938659668,
  "val_loss": 2.416924992752075,
  "train_loss": 4.114571225738525,
  "params": 203818,
  "flops": 37786240,
  "params_ratio": 0.4391171895534672,
  "flops_ratio": 0.5487193976085013,
  "params_compression_rate": 0.5608828104465329,
  "flops_reduction_rate": 0.4512806023914987,
  "below_baseline_short_by": 75.0399990234375,
  "penalty": 375.19999511718754,
  "eval_time_sec": 0.5157754421234131,
  "epochs": 1,
  "inherited": true
}