battery_id,raw_total_cycles,raw_discharge_cycles,kept_discharge_cycles,cycle_min,cycle_max,capacity_min_ah,capacity_max_ah,soh_min_percent,soh_max_percent
B0005,616,168,168,0,167,1.2874525221379407,1.8564874208181574,64.37262610689703,92.82437104090788
B0006,616,168,168,0,167,1.15381833159625,2.035337591005598,57.6909165798125,101.7668795502799
B0007,616,168,168,0,167,1.4004552399066514,1.89105229539079,70.02276199533257,94.5526147695395
B0018,319,132,132,0,131,1.341051440640485,1.8550045207910817,67.05257203202424,92.75022603955408
