{
  "baseline_run": "resnet32_baseline",
  "compressed_run": "final_pso_16-24-56",
  "baseline_channels": [
    16,
    32,
    64
  ],
  "compressed_channels": [
    16,
    24,
    56
  ],
  "baseline_best_acc": 93.11,
  "compressed_best_acc": 92.17999990234375,
  "accuracy_drop": 0.9300000976562472,
  "baseline_params": 464154,
  "compressed_params": 342218,
  "params_compression_rate": 0.26270591226187856,
  "baseline_flops": 68862592,
  "compressed_flops": 53895728,
  "flops_reduction_rate": 0.21734389550715716,
  "baseline_train_time_sec": 1289.5462594032288,
  "compressed_train_time_sec": 172.47587203979492
}