{
  "baseline_run": "resnet32_bs128",
  "compressed_run": "final_l40s_12-24-32",
  "baseline_channels": [
    16,
    32,
    64
  ],
  "compressed_channels": [
    12,
    24,
    32
  ],
  "baseline_best_acc": 92.83,
  "compressed_best_acc": 90.92,
  "accuracy_drop": 1.9099999999999966,
  "baseline_params": 464154,
  "compressed_params": 154102,
  "params_compression_rate": 0.6679938123984712,
  "baseline_flops": 68862592,
  "compressed_flops": 31961408,
  "flops_reduction_rate": 0.5358669043419103,
  "baseline_train_time_sec": 2372.641841650009,
  "compressed_train_time_sec": 799.0398852825165
}