{
  "best_algorithm": "pso",
  "best": {
    "channels": [
      16,
      16,
      12,
      12,
      12,
      20,
      28,
      28,
      28,
      24,
      56,
      48,
      40,
      48,
      48
    ],
    "fitness": -320.5813497219166,
    "val_acc": 28.979998416137697,
    "train_acc": 24.599999212646484,
    "val_loss": 2.4822161823272704,
    "train_loss": 3.3310292243957518,
    "params": 273850,
    "flops": 45527520,
    "params_ratio": 0.5899981471666731,
    "flops_ratio": 0.6611357295409386,
    "params_compression_rate": 0.4100018528333269,
    "flops_reduction_rate": 0.3388642704590614,
    "below_baseline_short_by": 68.0000000213623,
    "penalty": 340.0000001068115,
    "eval_time_sec": 0.8256306648254395,
    "epochs": 1,
    "inherited": true
  },
  "all_best": {
    "ga": {
      "channels": [
        16,
        12,
        12,
        12,
        16,
        32,
        32,
        24,
        16,
        20,
        40,
        56,
        64,
        56,
        32
      ],
      "fitness": -382.5855176157152,
      "val_acc": 18.71999914855957,
      "train_acc": 14.88999958190918,
      "val_loss": 2.4207892044067383,
      "train_loss": 3.1242994693756105,
      "params": 300922,
      "flops": 46577984,
      "params_ratio": 0.6483236167306541,
      "flops_ratio": 0.6763902235919321,
      "params_compression_rate": 0.3516763832693459,
      "flops_reduction_rate": 0.3236097764080679,
      "below_baseline_short_by": 78.25999928894043,
      "penalty": 391.2999964447022,
      "eval_time_sec": 0.3736562728881836,
      "epochs": 1,
      "inherited": true
    },
    "pso": {
      "channels": [
        16,
        16,
        12,
        12,
        12,
        20,
        28,
        28,
        28,
        24,
        56,
        48,
        40,
        48,
        48
      ],
      "fitness": -320.5813497219166,
      "val_acc": 28.979998416137697,
      "train_acc": 24.599999212646484,
      "val_loss": 2.4822161823272704,
      "train_loss": 3.3310292243957518,
      "params": 273850,
      "flops": 45527520,
      "params_ratio": 0.5899981471666731,
      "flops_ratio": 0.6611357295409386,
      "params_compression_rate": 0.4100018528333269,
      "flops_reduction_rate": 0.3388642704590614,
      "below_baseline_short_by": 68.0000000213623,
      "penalty": 340.0000001068115,
      "eval_time_sec": 0.8256306648254395,
      "epochs": 1,
      "inherited": true
    }
  },
  "baseline_short": {
    "channels": [
      16,
      16,
      16,
      16,
      16,
      32,
      32,
      32,
      32,
      32,
      64,
      64,
      64,
      64,
      64
    ],
    "fitness": 84.9799984375,
    "val_acc": 99.9799984375,
    "train_acc": 99.90999765625,
    "val_loss": 0.0015946745472028851,
    "train_loss": 0.005126368094235658,
    "params": 464154,
    "flops": 68862592,
    "params_ratio": 1.0,
    "flops_ratio": 1.0,
    "params_compression_rate": 0.0,
    "flops_reduction_rate": 0.0,
    "below_baseline_short_by": 0.0,
    "penalty": 0.0,
    "eval_time_sec": 19.067491054534912,
    "epochs": 1,
    "inherited": true
  },
  "baseline": {
    "channels": [
      16,
      16,
      16,
      16,
      16,
      32,
      32,
      32,
      32,
      32,
      64,
      64,
      64,
      64,
      64
    ],
    "params": 464154,
    "flops": 68862592
  },
  "num_unique_evaluations": 66,
  "total_search_time_sec": 251.4898910522461
}