{
  "channels": [
    16,
    12,
    12,
    12,
    16,
    32,
    32,
    24,
    16,
    20,
    40,
    56,
    64,
    56,
    32
  ],
  "fitness": -382.5855176157152,
  "val_acc": 18.71999914855957,
  "train_acc": 14.88999958190918,
  "val_loss": 2.4207892044067383,
  "train_loss": 3.1242994693756105,
  "params": 300922,
  "flops": 46577984,
  "params_ratio": 0.6483236167306541,
  "flops_ratio": 0.6763902235919321,
  "params_compression_rate": 0.3516763832693459,
  "flops_reduction_rate": 0.3236097764080679,
  "below_baseline_short_by": 78.25999928894043,
  "penalty": 391.2999964447022,
  "eval_time_sec": 0.3736562728881836,
  "epochs": 1,
  "inherited": true
}