{
  "channels": [
    16,
    16,
    12,
    12,
    12,
    20,
    28,
    28,
    28,
    24,
    56,
    48,
    40,
    48,
    48
  ],
  "fitness": -320.5813497219166,
  "val_acc": 28.979998416137697,
  "train_acc": 24.599999212646484,
  "val_loss": 2.4822161823272704,
  "train_loss": 3.3310292243957518,
  "params": 273850,
  "flops": 45527520,
  "params_ratio": 0.5899981471666731,
  "flops_ratio": 0.6611357295409386,
  "params_compression_rate": 0.4100018528333269,
  "flops_reduction_rate": 0.3388642704590614,
  "below_baseline_short_by": 68.0000000213623,
  "penalty": 340.0000001068115,
  "eval_time_sec": 0.8256306648254395,
  "epochs": 1,
  "inherited": true
}