{
  "best_algorithm": "ga",
  "best": {
    "channels": [
      16,
      12,
      12,
      12,
      16,
      32,
      28,
      24,
      20,
      20,
      64,
      64,
      64,
      48,
      32
    ],
    "fitness": -389.97392824670396,
    "val_acc": 17.61999981994629,
    "train_acc": 26.329999334716796,
    "val_loss": 2.605935371017456,
    "train_loss": 2.8259125856399536,
    "params": 342058,
    "flops": 48955712,
    "params_ratio": 0.7369493745610293,
    "flops_ratio": 0.7109188106076518,
    "params_compression_rate": 0.26305062543897073,
    "flops_reduction_rate": 0.28908118939234817,
    "below_baseline_short_by": 79.35999861755371,
    "penalty": 396.7999930877686,
    "eval_time_sec": 0.3881034851074219,
    "epochs": 1,
    "inherited": true
  },
  "all_best": {
    "ga": {
      "channels": [
        16,
        12,
        12,
        12,
        16,
        32,
        28,
        24,
        20,
        20,
        64,
        64,
        64,
        48,
        32
      ],
      "fitness": -389.97392824670396,
      "val_acc": 17.61999981994629,
      "train_acc": 26.329999334716796,
      "val_loss": 2.605935371017456,
      "train_loss": 2.8259125856399536,
      "params": 342058,
      "flops": 48955712,
      "params_ratio": 0.7369493745610293,
      "flops_ratio": 0.7109188106076518,
      "params_compression_rate": 0.26305062543897073,
      "flops_reduction_rate": 0.28908118939234817,
      "below_baseline_short_by": 79.35999861755371,
      "penalty": 396.7999930877686,
      "eval_time_sec": 0.3881034851074219,
      "epochs": 1,
      "inherited": true
    },
    "pso": {
      "channels": [
        12,
        12,
        12,
        8,
        12,
        16,
        32,
        28,
        16,
        24,
        40,
        32,
        40,
        40,
        64
      ],
      "fitness": -403.94758664562954,
      "val_acc": 14.719999421691895,
      "train_acc": 13.659999472045898,
      "val_loss": 3.97337106590271,
      "train_loss": 4.258265546798706,
      "params": 220278,
      "flops": 34394752,
      "params_ratio": 0.4745795576468155,
      "flops_ratio": 0.49946932000468414,
      "params_compression_rate": 0.5254204423531845,
      "flops_reduction_rate": 0.5005306799953159,
      "below_baseline_short_by": 82.2599990158081,
      "penalty": 411.2999950790405,
      "eval_time_sec": 0.6654648780822754,
      "epochs": 1,
      "inherited": true
    }
  },
  "baseline_short": {
    "channels": [
      16,
      16,
      16,
      16,
      16,
      32,
      32,
      32,
      32,
      32,
      64,
      64,
      64,
      64,
      64
    ],
    "fitness": 84.9799984375,
    "val_acc": 99.9799984375,
    "train_acc": 99.899996875,
    "val_loss": 0.0015942203786224126,
    "train_loss": 0.005112370513752103,
    "params": 464154,
    "flops": 68862592,
    "params_ratio": 1.0,
    "flops_ratio": 1.0,
    "params_compression_rate": 0.0,
    "flops_reduction_rate": 0.0,
    "below_baseline_short_by": 0.0,
    "penalty": 0.0,
    "eval_time_sec": 17.329052448272705,
    "epochs": 1,
    "inherited": true
  },
  "baseline": {
    "channels": [
      16,
      16,
      16,
      16,
      16,
      32,
      32,
      32,
      32,
      32,
      64,
      64,
      64,
      64,
      64
    ],
    "params": 464154,
    "flops": 68862592
  },
  "num_unique_evaluations": 63,
  "total_search_time_sec": 241.26037669181824
}