{
  "channels": [
    16,
    12,
    12,
    12,
    16,
    32,
    28,
    24,
    20,
    20,
    64,
    64,
    64,
    48,
    32
  ],
  "fitness": -389.97392824670396,
  "val_acc": 17.61999981994629,
  "train_acc": 26.329999334716796,
  "val_loss": 2.605935371017456,
  "train_loss": 2.8259125856399536,
  "params": 342058,
  "flops": 48955712,
  "params_ratio": 0.7369493745610293,
  "flops_ratio": 0.7109188106076518,
  "params_compression_rate": 0.26305062543897073,
  "flops_reduction_rate": 0.28908118939234817,
  "below_baseline_short_by": 79.35999861755371,
  "penalty": 396.7999930877686,
  "eval_time_sec": 0.3881034851074219,
  "epochs": 1,
  "inherited": true
}