{
  "channels": [
    12,
    12,
    12,
    8,
    12,
    16,
    32,
    28,
    16,
    24,
    40,
    32,
    40,
    40,
    64
  ],
  "fitness": -403.94758664562954,
  "val_acc": 14.719999421691895,
  "train_acc": 13.659999472045898,
  "val_loss": 3.97337106590271,
  "train_loss": 4.258265546798706,
  "params": 220278,
  "flops": 34394752,
  "params_ratio": 0.4745795576468155,
  "flops_ratio": 0.49946932000468414,
  "params_compression_rate": 0.5254204423531845,
  "flops_reduction_rate": 0.5005306799953159,
  "below_baseline_short_by": 82.2599990158081,
  "penalty": 411.2999950790405,
  "eval_time_sec": 0.6654648780822754,
  "epochs": 1,
  "inherited": true
}