{
  "channels": [
    16,
    24,
    56
  ],
  "fitness": 30.94696843093174,
  "val_acc": 42.45999991455078,
  "train_acc": 44.27999993896484,
  "val_loss": 2.4502038860321047,
  "train_loss": 2.752825197029114,
  "params": 342218,
  "flops": 53895728,
  "params_ratio": 0.7372940877381214,
  "flops_ratio": 0.7826561044928428,
  "params_compression_rate": 0.26270591226187856,
  "flops_reduction_rate": 0.21734389550715716,
  "below_baseline_short_by": 0.0,
  "penalty": 0.0,
  "eval_time_sec": 1.2725598812103271,
  "epochs": 1,
  "inherited": true
}